Date,Start,End,Location,Capacity
03/03/2023,6:00,12:30,ABE B053,32
03/03/2023,13:20,13:30,ABE B053,32
03/03/2023,14:20,14:30,ABE B053,32
03/03/2023,16:00,22:00,ABE B053,32
03/03/2023,6:00,10:30,ABE B061,48
03/03/2023,11:20,14:30,ABE B061,48
03/03/2023,15:20,22:00,ABE B061,48
03/03/2023,6:00,08:30,ABE B073,80
03/03/2023,09:20,09:30,ABE B073,80
03/03/2023,10:20,15:30,ABE B073,80
03/03/2023,16:20,22:00,ABE B073,80
03/03/2023,6:00,09:30,AR 101,50
03/03/2023,10:20,13:30,AR 101,50
03/03/2023,14:20,22:00,AR 101,50
03/03/2023,6:00,11:30,AR 102,32
03/03/2023,12:20,22:00,AR 102,32
03/03/2023,6:00,09:30,ARMS 1010,150
03/03/2023,10:20,10:30,ARMS 1010,150
03/03/2023,11:20,11:30,ARMS 1010,150
03/03/2023,12:20,13:30,ARMS 1010,150
03/03/2023,14:20,14:30,ARMS 1010,150
03/03/2023,15:20,15:30,ARMS 1010,150
03/03/2023,17:20,22:00,ARMS 1010,150
03/03/2023,6:00,09:30,ARMS 1021,40
03/03/2023,10:20,11:30,ARMS 1021,40
03/03/2023,12:20,12:30,ARMS 1021,40
03/03/2023,13:20,13:30,ARMS 1021,40
03/03/2023,14:20,14:30,ARMS 1021,40
03/03/2023,15:20,15:30,ARMS 1021,40
03/03/2023,16:30,16:40,ARMS 1021,40
03/03/2023,17:55,19:00,ARMS 1021,40
03/03/2023,21:00,22:00,ARMS 1021,40
03/03/2023,6:00,08:00,ARMS 1028,32
03/03/2023,10:00,19:00,ARMS 1028,32
03/03/2023,21:00,22:00,ARMS 1028,32
03/03/2023,6:00,07:30,ARMS 1103,50
03/03/2023,08:20,08:30,ARMS 1103,50
03/03/2023,09:20,09:30,ARMS 1103,50
03/03/2023,10:20,10:30,ARMS 1103,50
03/03/2023,11:20,11:30,ARMS 1103,50
03/03/2023,12:20,12:30,ARMS 1103,50
03/03/2023,13:20,14:30,ARMS 1103,50
03/03/2023,15:20,16:00,ARMS 1103,50
03/03/2023,17:00,19:00,ARMS 1103,50
03/03/2023,22:00,22:00,ARMS 1103,50
03/03/2023,6:00,08:30,ARMS 1109,60
03/03/2023,09:20,09:30,ARMS 1109,60
03/03/2023,11:20,13:30,ARMS 1109,60
03/03/2023,14:20,14:30,ARMS 1109,60
03/03/2023,15:20,15:30,ARMS 1109,60
03/03/2023,17:30,17:45,ARMS 1109,60
03/03/2023,19:15,22:00,ARMS 1109,60
03/03/2023,6:00,08:30,ARMS 3109,20
03/03/2023,09:20,10:30,ARMS 3109,20
03/03/2023,11:20,14:30,ARMS 3109,20
03/03/2023,15:30,22:00,ARMS 3109,20
03/03/2023,6:00,08:30,ARMS 3115,32
03/03/2023,09:20,09:30,ARMS 3115,32
03/03/2023,10:20,10:30,ARMS 3115,32
03/03/2023,11:20,11:30,ARMS 3115,32
03/03/2023,12:20,12:30,ARMS 3115,32
03/03/2023,13:20,13:30,ARMS 3115,32
03/03/2023,14:20,15:30,ARMS 3115,32
03/03/2023,16:20,15:30,ARMS 3115,32
03/03/2023,16:20,22:00,ARMS 3115,32
03/03/2023,6:00,08:30,ARMS B061,120
03/03/2023,09:20,09:30,ARMS B061,120
03/03/2023,10:20,11:30,ARMS B061,120
03/03/2023,12:20,13:30,ARMS B061,120
03/03/2023,14:20,14:30,ARMS B061,120
03/03/2023,15:20,15:30,ARMS B061,120
03/03/2023,16:20,22:00,ARMS B061,120
03/03/2023,6:00,08:30,ARMS B071,60
03/03/2023,09:20,13:30,ARMS B071,60
03/03/2023,14:20,14:30,ARMS B071,60
03/03/2023,15:20,15:30,ARMS B071,60
03/03/2023,16:20,18:00,ARMS B071,60
03/03/2023,21:30,22:00,ARMS B071,60
03/03/2023,6:00,13:30,BCHM 102,32
03/03/2023,14:20,22:00,BCHM 102,32
03/03/2023,6:00,08:30,BCHM 105,70
03/03/2023,09:20,10:30,BCHM 105,70
03/03/2023,11:20,11:30,BCHM 105,70
03/03/2023,12:20,13:30,BCHM 105,70
03/03/2023,14:20,22:00,BCHM 105,70
03/03/2023,6:00,10:30,BHEE 115,45
03/03/2023,11:20,12:30,BHEE 115,45
03/03/2023,13:20,14:30,BHEE 115,45
03/03/2023,15:20,22:00,BHEE 115,45
03/03/2023,6:00,08:30,BHEE 117,78
03/03/2023,09:20,09:30,BHEE 117,78
03/03/2023,10:20,10:30,BHEE 117,78
03/03/2023,11:20,11:30,BHEE 117,78
03/03/2023,12:20,12:30,BHEE 117,78
03/03/2023,13:20,13:30,BHEE 117,78
03/03/2023,14:20,15:30,BHEE 117,78
03/03/2023,16:20,22:00,BHEE 117,78
03/03/2023,6:00,09:30,BHEE 129,468
03/03/2023,10:20,10:30,BHEE 129,468
03/03/2023,11:20,11:30,BHEE 129,468
03/03/2023,13:20,14:30,BHEE 129,468
03/03/2023,15:20,15:30,BHEE 129,468
03/03/2023,16:20,22:00,BHEE 129,468
03/03/2023,6:00,08:30,BHEE 170,170
03/03/2023,09:20,09:30,BHEE 170,170
03/03/2023,10:20,10:30,BHEE 170,170
03/03/2023,11:20,11:30,BHEE 170,170
03/03/2023,12:20,12:30,BHEE 170,170
03/03/2023,13:20,13:30,BHEE 170,170
03/03/2023,14:20,14:30,BHEE 170,170
03/03/2023,15:20,15:30,BHEE 170,170
03/03/2023,16:20,16:30,BHEE 170,170
03/03/2023,17:20,22:00,BHEE 170,170
03/03/2023,6:00,10:00,BHEE 222,40
03/03/2023,12:00,14:30,BHEE 222,40
03/03/2023,15:20,17:00,BHEE 222,40
03/03/2023,19:00,22:00,BHEE 222,40
03/03/2023,6:00,10:30,BHEE 224,31
03/03/2023,11:20,11:30,BHEE 224,31
03/03/2023,12:20,12:30,BHEE 224,31
03/03/2023,13:20,13:30,BHEE 224,31
03/03/2023,14:20,15:00,BHEE 224,31
03/03/2023,16:30,22:00,BHEE 224,31
03/03/2023,6:00,10:30,BHEE 226,33
03/03/2023,11:20,11:30,BHEE 226,33
03/03/2023,12:20,13:30,BHEE 226,33
03/03/2023,14:20,14:30,BHEE 226,33
03/03/2023,15:20,15:30,BHEE 226,33
03/03/2023,16:20,16:30,BHEE 226,33
03/03/2023,17:00,22:00,BHEE 226,33
03/03/2023,6:00,10:30,BHEE 236,39
03/03/2023,11:20,12:30,BHEE 236,39
03/03/2023,13:20,22:00,BHEE 236,39
03/03/2023,6:00,09:30,BRNG 1206,21
03/03/2023,12:30,17:00,BRNG 1206,21
03/03/2023,18:00,22:00,BRNG 1206,21
03/03/2023,6:00,11:30,BRNG 1222,32
03/03/2023,12:20,12:30,BRNG 1222,32
03/03/2023,13:20,13:30,BRNG 1222,32
03/03/2023,14:20,14:30,BRNG 1222,32
03/03/2023,15:30,22:00,BRNG 1222,32
03/03/2023,6:00,09:30,BRNG 1230,36
03/03/2023,10:20,10:30,BRNG 1230,36
03/03/2023,11:20,11:30,BRNG 1230,36
03/03/2023,12:20,12:30,BRNG 1230,36
03/03/2023,13:20,13:30,BRNG 1230,36
03/03/2023,14:20,14:30,BRNG 1230,36
03/03/2023,15:20,22:00,BRNG 1230,36
03/03/2023,6:00,07:30,BRNG 1232,33
03/03/2023,08:20,08:30,BRNG 1232,33
03/03/2023,09:20,09:30,BRNG 1232,33
03/03/2023,10:20,10:30,BRNG 1232,33
03/03/2023,11:20,11:30,BRNG 1232,33
03/03/2023,12:20,12:30,BRNG 1232,33
03/03/2023,13:20,13:30,BRNG 1232,33
03/03/2023,14:20,14:30,BRNG 1232,33
03/03/2023,15:20,15:30,BRNG 1232,33
03/03/2023,16:20,16:30,BRNG 1232,33
03/03/2023,17:20,22:00,BRNG 1232,33
03/03/2023,6:00,07:30,BRNG 1238,33
03/03/2023,08:20,08:30,BRNG 1238,33
03/03/2023,09:20,09:30,BRNG 1238,33
03/03/2023,10:20,10:30,BRNG 1238,33
03/03/2023,11:20,11:30,BRNG 1238,33
03/03/2023,12:20,12:30,BRNG 1238,33
03/03/2023,13:20,13:30,BRNG 1238,33
03/03/2023,14:20,14:30,BRNG 1238,33
03/03/2023,15:20,15:30,BRNG 1238,33
03/03/2023,16:20,16:30,BRNG 1238,33
03/03/2023,17:20,22:00,BRNG 1238,33
03/03/2023,6:00,07:30,BRNG 1242,30
03/03/2023,08:20,08:30,BRNG 1242,30
03/03/2023,09:20,09:30,BRNG 1242,30
03/03/2023,10:20,10:30,BRNG 1242,30
03/03/2023,11:20,11:30,BRNG 1242,30
03/03/2023,12:20,12:30,BRNG 1242,30
03/03/2023,13:20,13:30,BRNG 1242,30
03/03/2023,14:20,14:30,BRNG 1242,30
03/03/2023,15:20,15:30,BRNG 1242,30
03/03/2023,16:20,16:30,BRNG 1242,30
03/03/2023,17:20,22:00,BRNG 1242,30
03/03/2023,6:00,08:30,BRNG 1243,30
03/03/2023,09:20,09:30,BRNG 1243,30
03/03/2023,10:20,10:30,BRNG 1243,30
03/03/2023,11:20,11:30,BRNG 1243,30
03/03/2023,12:20,12:30,BRNG 1243,30
03/03/2023,13:20,13:30,BRNG 1243,30
03/03/2023,14:20,14:30,BRNG 1243,30
03/03/2023,15:20,15:30,BRNG 1243,30
03/03/2023,16:20,16:30,BRNG 1243,30
03/03/2023,17:20,22:00,BRNG 1243,30
03/03/2023,6:00,09:30,BRNG 1245,44
03/03/2023,10:20,11:30,BRNG 1245,44
03/03/2023,12:20,13:30,BRNG 1245,44
03/03/2023,14:20,13:30,BRNG 1245,44
03/03/2023,14:20,22:00,BRNG 1245,44
03/03/2023,6:00,09:30,BRNG 1248,24
03/03/2023,10:20,11:00,BRNG 1248,24
03/03/2023,13:00,14:30,BRNG 1248,24
03/03/2023,15:20,15:30,BRNG 1248,24
03/03/2023,18:20,22:00,BRNG 1248,24
03/03/2023,6:00,09:30,BRNG 1254,33
03/03/2023,12:30,13:30,BRNG 1254,33
03/03/2023,14:20,15:00,BRNG 1254,33
03/03/2023,17:50,22:00,BRNG 1254,33
03/03/2023,6:00,07:30,BRNG 1255,30
03/03/2023,09:20,09:30,BRNG 1255,30
03/03/2023,11:20,12:00,BRNG 1255,30
03/03/2023,12:50,22:00,BRNG 1255,30
03/03/2023,6:00,08:30,BRNG 1260,36
03/03/2023,09:20,09:30,BRNG 1260,36
03/03/2023,10:20,10:30,BRNG 1260,36
03/03/2023,11:20,11:30,BRNG 1260,36
03/03/2023,12:20,12:30,BRNG 1260,36
03/03/2023,13:20,13:30,BRNG 1260,36
03/03/2023,14:20,14:30,BRNG 1260,36
03/03/2023,15:20,15:30,BRNG 1260,36
03/03/2023,16:20,22:00,BRNG 1260,36
03/03/2023,6:00,08:30,BRNG 1268,46
03/03/2023,09:20,09:30,BRNG 1268,46
03/03/2023,10:20,11:30,BRNG 1268,46
03/03/2023,12:20,12:30,BRNG 1268,46
03/03/2023,13:20,13:30,BRNG 1268,46
03/03/2023,14:20,14:30,BRNG 1268,46
03/03/2023,15:20,22:00,BRNG 1268,46
03/03/2023,6:00,07:30,BRNG 2275,27
03/03/2023,08:20,08:30,BRNG 2275,27
03/03/2023,09:20,09:30,BRNG 2275,27
03/03/2023,10:20,10:30,BRNG 2275,27
03/03/2023,11:20,11:30,BRNG 2275,27
03/03/2023,12:20,12:30,BRNG 2275,27
03/03/2023,13:20,14:30,BRNG 2275,27
03/03/2023,15:20,15:30,BRNG 2275,27
03/03/2023,16:20,22:00,BRNG 2275,27
03/03/2023,6:00,08:30,BRNG 2280,118
03/03/2023,09:20,09:30,BRNG 2280,118
03/03/2023,10:20,11:30,BRNG 2280,118
03/03/2023,12:20,12:30,BRNG 2280,118
03/03/2023,13:20,13:30,BRNG 2280,118
03/03/2023,14:20,18:30,BRNG 2280,118
03/03/2023,19:30,22:00,BRNG 2280,118
03/03/2023,6:00,08:30,BRNG 2290,82
03/03/2023,09:20,10:30,BRNG 2290,82
03/03/2023,11:20,11:30,BRNG 2290,82
03/03/2023,12:20,12:30,BRNG 2290,82
03/03/2023,13:20,13:30,BRNG 2290,82
03/03/2023,14:20,14:30,BRNG 2290,82
03/03/2023,15:20,15:30,BRNG 2290,82
03/03/2023,16:20,22:00,BRNG 2290,82
03/03/2023,6:00,08:30,BRNG 2291,32
03/03/2023,09:20,09:30,BRNG 2291,32
03/03/2023,10:20,10:30,BRNG 2291,32
03/03/2023,11:20,11:30,BRNG 2291,32
03/03/2023,12:20,13:30,BRNG 2291,32
03/03/2023,14:20,14:30,BRNG 2291,32
03/03/2023,16:20,22:00,BRNG 2291,32
03/03/2023,6:00,09:30,BRNG B206,28
03/03/2023,10:20,10:30,BRNG B206,28
03/03/2023,11:20,12:00,BRNG B206,28
03/03/2023,13:00,15:30,BRNG B206,28
03/03/2023,16:20,15:30,BRNG B206,28
03/03/2023,16:20,22:00,BRNG B206,28
03/03/2023,6:00,11:30,BRNG B212,32
03/03/2023,12:20,13:30,BRNG B212,32
03/03/2023,14:20,22:00,BRNG B212,32
03/03/2023,6:00,07:30,BRNG B230,30
03/03/2023,08:20,08:30,BRNG B230,30
03/03/2023,09:20,09:30,BRNG B230,30
03/03/2023,10:20,10:30,BRNG B230,30
03/03/2023,11:20,11:30,BRNG B230,30
03/03/2023,12:20,12:30,BRNG B230,30
03/03/2023,13:20,13:30,BRNG B230,30
03/03/2023,14:20,14:30,BRNG B230,30
03/03/2023,15:20,15:30,BRNG B230,30
03/03/2023,16:20,16:30,BRNG B230,30
03/03/2023,17:20,22:00,BRNG B230,30
03/03/2023,6:00,08:30,BRNG B232,30
03/03/2023,09:20,09:30,BRNG B232,30
03/03/2023,10:20,10:30,BRNG B232,30
03/03/2023,11:20,11:30,BRNG B232,30
03/03/2023,12:20,12:30,BRNG B232,30
03/03/2023,13:20,13:30,BRNG B232,30
03/03/2023,14:20,14:30,BRNG B232,30
03/03/2023,15:20,15:30,BRNG B232,30
03/03/2023,16:20,16:30,BRNG B232,30
03/03/2023,17:20,22:00,BRNG B232,30
03/03/2023,6:00,07:30,BRNG B238,30
03/03/2023,08:20,08:30,BRNG B238,30
03/03/2023,09:20,11:30,BRNG B238,30
03/03/2023,12:20,12:30,BRNG B238,30
03/03/2023,13:20,13:30,BRNG B238,30
03/03/2023,14:20,14:30,BRNG B238,30
03/03/2023,15:20,15:30,BRNG B238,30
03/03/2023,16:20,16:30,BRNG B238,30
03/03/2023,17:20,22:00,BRNG B238,30
03/03/2023,6:00,09:30,BRNG B242,30
03/03/2023,10:20,10:30,BRNG B242,30
03/03/2023,11:20,11:30,BRNG B242,30
03/03/2023,12:20,12:30,BRNG B242,30
03/03/2023,13:20,13:30,BRNG B242,30
03/03/2023,14:20,14:30,BRNG B242,30
03/03/2023,15:20,15:30,BRNG B242,30
03/03/2023,16:20,22:00,BRNG B242,30
03/03/2023,6:00,09:30,BRNG B243,27
03/03/2023,11:20,13:30,BRNG B243,27
03/03/2023,15:20,16:30,BRNG B243,27
03/03/2023,17:30,19:00,BRNG B243,27
03/03/2023,22:00,22:00,BRNG B243,27
03/03/2023,6:00,19:00,BRNG B247,27
03/03/2023,22:00,22:00,BRNG B247,27
03/03/2023,6:00,08:30,BRNG B248,30
03/03/2023,09:20,09:30,BRNG B248,30
03/03/2023,10:20,10:30,BRNG B248,30
03/03/2023,11:20,11:30,BRNG B248,30
03/03/2023,12:20,12:30,BRNG B248,30
03/03/2023,13:20,13:30,BRNG B248,30
03/03/2023,14:20,14:30,BRNG B248,30
03/03/2023,15:20,15:30,BRNG B248,30
03/03/2023,16:20,22:00,BRNG B248,30
03/03/2023,6:00,07:30,BRNG B254,30
03/03/2023,08:20,09:30,BRNG B254,30
03/03/2023,10:20,10:30,BRNG B254,30
03/03/2023,11:20,11:30,BRNG B254,30
03/03/2023,12:20,13:30,BRNG B254,30
03/03/2023,14:20,14:30,BRNG B254,30
03/03/2023,15:20,19:00,BRNG B254,30
03/03/2023,22:00,22:00,BRNG B254,30
03/03/2023,6:00,08:30,BRNG B260,30
03/03/2023,09:20,09:30,BRNG B260,30
03/03/2023,10:20,10:30,BRNG B260,30
03/03/2023,11:20,12:30,BRNG B260,30
03/03/2023,13:20,13:30,BRNG B260,30
03/03/2023,14:20,14:30,BRNG B260,30
03/03/2023,15:20,19:00,BRNG B260,30
03/03/2023,22:00,22:00,BRNG B260,30
03/03/2023,6:00,10:30,BRNG B261,35
03/03/2023,11:20,11:30,BRNG B261,35
03/03/2023,12:20,13:30,BRNG B261,35
03/03/2023,14:20,14:30,BRNG B261,35
03/03/2023,15:20,22:00,BRNG B261,35
03/03/2023,6:00,09:30,BRNG B268,49
03/03/2023,10:20,11:30,BRNG B268,49
03/03/2023,12:20,22:00,BRNG B268,49
03/03/2023,6:00,09:30,BRWN 1154,76
03/03/2023,10:20,10:30,BRWN 1154,76
03/03/2023,11:20,12:30,BRWN 1154,76
03/03/2023,14:00,14:30,BRWN 1154,76
03/03/2023,15:20,15:30,BRWN 1154,76
03/03/2023,16:30,18:30,BRWN 1154,76
03/03/2023,20:30,22:00,BRWN 1154,76
03/03/2023,6:00,07:30,BRWN 3100,30
03/03/2023,08:20,08:30,BRWN 3100,30
03/03/2023,09:20,09:30,BRWN 3100,30
03/03/2023,10:20,10:30,BRWN 3100,30
03/03/2023,11:20,11:30,BRWN 3100,30
03/03/2023,12:20,12:30,BRWN 3100,30
03/03/2023,13:20,13:30,BRWN 3100,30
03/03/2023,14:20,14:30,BRWN 3100,30
03/03/2023,15:20,15:30,BRWN 3100,30
03/03/2023,16:20,16:30,BRWN 3100,30
03/03/2023,17:20,22:00,BRWN 3100,30
03/03/2023,6:00,07:30,BRWN 3102,30
03/03/2023,08:20,08:30,BRWN 3102,30
03/03/2023,09:20,09:30,BRWN 3102,30
03/03/2023,10:20,10:30,BRWN 3102,30
03/03/2023,11:20,11:30,BRWN 3102,30
03/03/2023,12:20,12:30,BRWN 3102,30
03/03/2023,13:20,13:30,BRWN 3102,30
03/03/2023,14:20,14:30,BRWN 3102,30
03/03/2023,15:20,15:30,BRWN 3102,30
03/03/2023,16:20,16:30,BRWN 3102,30
03/03/2023,17:20,22:00,BRWN 3102,30
03/03/2023,6:00,07:30,BRWN 3104,30
03/03/2023,08:20,08:30,BRWN 3104,30
03/03/2023,09:20,09:30,BRWN 3104,30
03/03/2023,10:20,10:30,BRWN 3104,30
03/03/2023,11:20,11:30,BRWN 3104,30
03/03/2023,12:20,12:30,BRWN 3104,30
03/03/2023,13:20,13:30,BRWN 3104,30
03/03/2023,14:20,14:30,BRWN 3104,30
03/03/2023,15:20,15:30,BRWN 3104,30
03/03/2023,16:20,16:30,BRWN 3104,30
03/03/2023,17:20,22:00,BRWN 3104,30
03/03/2023,6:00,08:30,CL50 121,29
03/03/2023,09:20,09:30,CL50 121,29
03/03/2023,10:20,11:30,CL50 121,29
03/03/2023,12:20,12:30,CL50 121,29
03/03/2023,13:20,13:30,CL50 121,29
03/03/2023,14:20,14:30,CL50 121,29
03/03/2023,15:20,15:30,CL50 121,29
03/03/2023,16:20,22:00,CL50 121,29
03/03/2023,6:00,08:30,CL50 125,40
03/03/2023,09:20,10:30,CL50 125,40
03/03/2023,11:20,11:30,CL50 125,40
03/03/2023,12:30,12:30,CL50 125,40
03/03/2023,13:20,13:30,CL50 125,40
03/03/2023,14:20,14:30,CL50 125,40
03/03/2023,15:20,15:30,CL50 125,40
03/03/2023,16:20,17:30,CL50 125,40
03/03/2023,20:00,22:00,CL50 125,40
03/03/2023,6:00,08:30,CL50 129,29
03/03/2023,09:20,11:30,CL50 129,29
03/03/2023,12:20,12:30,CL50 129,29
03/03/2023,13:20,13:30,CL50 129,29
03/03/2023,14:20,15:30,CL50 129,29
03/03/2023,16:20,22:00,CL50 129,29
03/03/2023,6:00,07:30,CL50 224,470
03/03/2023,08:20,08:30,CL50 224,470
03/03/2023,09:20,09:30,CL50 224,470
03/03/2023,10:20,11:30,CL50 224,470
03/03/2023,12:20,12:30,CL50 224,470
03/03/2023,13:20,13:30,CL50 224,470
03/03/2023,14:20,14:30,CL50 224,470
03/03/2023,15:20,15:30,CL50 224,470
03/03/2023,16:20,16:30,CL50 224,470
03/03/2023,17:20,17:30,CL50 224,470
03/03/2023,19:30,22:00,CL50 224,470
03/03/2023,6:00,09:30,CRTN 1011,88
03/03/2023,10:20,10:30,CRTN 1011,88
03/03/2023,11:20,14:30,CRTN 1011,88
03/03/2023,15:20,22:00,CRTN 1011,88
03/03/2023,6:00,08:30,FRNY 1043,49
03/03/2023,09:20,11:30,FRNY 1043,49
03/03/2023,13:20,13:30,FRNY 1043,49
03/03/2023,14:30,22:00,FRNY 1043,49
03/03/2023,6:00,09:30,FRNY B124,65
03/03/2023,10:20,11:30,FRNY B124,65
03/03/2023,12:20,12:30,FRNY B124,65
03/03/2023,13:20,13:45,FRNY B124,65
03/03/2023,15:15,15:30,FRNY B124,65
03/03/2023,16:30,22:00,FRNY B124,65
03/03/2023,6:00,09:30,FRNY G124,69
03/03/2023,10:20,11:30,FRNY G124,69
03/03/2023,12:20,22:00,FRNY G124,69
03/03/2023,6:00,07:30,FRNY G140,234
03/03/2023,08:20,08:30,FRNY G140,234
03/03/2023,09:20,09:30,FRNY G140,234
03/03/2023,10:20,10:30,FRNY G140,234
03/03/2023,11:20,11:30,FRNY G140,234
03/03/2023,12:20,12:30,FRNY G140,234
03/03/2023,13:20,13:30,FRNY G140,234
03/03/2023,14:20,14:30,FRNY G140,234
03/03/2023,15:20,22:00,FRNY G140,234
03/03/2023,6:00,09:30,GRIS 102,60
03/03/2023,10:20,10:30,GRIS 102,60
03/03/2023,11:20,12:30,GRIS 102,60
03/03/2023,13:20,15:30,GRIS 102,60
03/03/2023,16:20,22:00,GRIS 102,60
03/03/2023,6:00,10:30,GRIS 103,88
03/03/2023,11:20,11:30,GRIS 103,88
03/03/2023,12:20,13:30,GRIS 103,88
03/03/2023,14:20,14:30,GRIS 103,88
03/03/2023,17:20,22:00,GRIS 103,88
03/03/2023,6:00,09:30,GRIS 118,30
03/03/2023,10:20,10:30,GRIS 118,30
03/03/2023,11:20,11:30,GRIS 118,30
03/03/2023,12:20,12:30,GRIS 118,30
03/03/2023,13:20,13:30,GRIS 118,30
03/03/2023,14:20,22:00,GRIS 118,30
03/03/2023,6:00,11:30,GRIS 126,30
03/03/2023,12:20,12:30,GRIS 126,30
03/03/2023,13:20,13:30,GRIS 126,30
03/03/2023,14:20,14:30,GRIS 126,30
03/03/2023,15:20,16:30,GRIS 126,30
03/03/2023,17:20,22:00,GRIS 126,30
03/03/2023,6:00,10:30,GRIS 133,30
03/03/2023,11:20,11:30,GRIS 133,30
03/03/2023,12:20,12:30,GRIS 133,30
03/03/2023,13:20,13:30,GRIS 133,30
03/03/2023,14:20,22:00,GRIS 133,30
03/03/2023,6:00,09:30,GRIS 134,48
03/03/2023,10:20,10:30,GRIS 134,48
03/03/2023,13:30,15:30,GRIS 134,48
03/03/2023,16:20,22:00,GRIS 134,48
03/03/2023,6:00,13:30,HAAS G066,60
03/03/2023,14:20,14:30,HAAS G066,60
03/03/2023,15:20,22:00,HAAS G066,60
03/03/2023,6:00,08:30,HAMP 1113,32
03/03/2023,09:20,10:30,HAMP 1113,32
03/03/2023,11:20,12:30,HAMP 1113,32
03/03/2023,13:20,22:00,HAMP 1113,32
03/03/2023,6:00,08:30,HAMP 1144,100
03/03/2023,09:20,10:30,HAMP 1144,100
03/03/2023,11:20,11:30,HAMP 1144,100
03/03/2023,12:20,12:30,HAMP 1144,100
03/03/2023,13:20,14:30,HAMP 1144,100
03/03/2023,15:20,22:00,HAMP 1144,100
03/03/2023,6:00,09:30,HAMP 1252,63
03/03/2023,10:20,10:30,HAMP 1252,63
03/03/2023,11:20,14:30,HAMP 1252,63
03/03/2023,15:30,22:00,HAMP 1252,63
03/03/2023,6:00,14:30,HAMP 1266,30
03/03/2023,16:20,16:30,HAMP 1266,30
03/03/2023,17:20,22:00,HAMP 1266,30
03/03/2023,6:00,09:30,HAMP 2101,45
03/03/2023,10:20,10:30,HAMP 2101,45
03/03/2023,11:20,11:30,HAMP 2101,45
03/03/2023,12:20,12:30,HAMP 2101,45
03/03/2023,13:20,13:30,HAMP 2101,45
03/03/2023,14:20,14:30,HAMP 2101,45
03/03/2023,15:20,15:30,HAMP 2101,45
03/03/2023,16:20,16:30,HAMP 2101,45
03/03/2023,17:20,22:00,HAMP 2101,45
03/03/2023,6:00,08:30,HAMP 2102,40
03/03/2023,09:20,10:30,HAMP 2102,40
03/03/2023,11:20,15:30,HAMP 2102,40
03/03/2023,16:20,16:30,HAMP 2102,40
03/03/2023,17:20,22:00,HAMP 2102,40
03/03/2023,6:00,11:30,HAMP 2107,32
03/03/2023,13:30,14:30,HAMP 2107,32
03/03/2023,18:00,22:00,HAMP 2107,32
03/03/2023,6:00,13:30,HAMP 2108,44
03/03/2023,14:20,22:00,HAMP 2108,44
03/03/2023,6:00,09:30,HAMP 2113,32
03/03/2023,10:20,10:30,HAMP 2113,32
03/03/2023,11:20,22:00,HAMP 2113,32
03/03/2023,6:00,11:30,HAMP 2117,45
03/03/2023,13:20,22:00,HAMP 2117,45
03/03/2023,6:00,09:30,HAMP 2118,40
03/03/2023,10:20,10:30,HAMP 2118,40
03/03/2023,11:20,12:30,HAMP 2118,40
03/03/2023,13:20,22:00,HAMP 2118,40
03/03/2023,6:00,08:30,HAMP 2123,40
03/03/2023,09:20,09:30,HAMP 2123,40
03/03/2023,11:30,13:00,HAMP 2123,40
03/03/2023,14:20,14:30,HAMP 2123,40
03/03/2023,15:20,22:00,HAMP 2123,40
03/03/2023,6:00,08:30,HAMP 3153,48
03/03/2023,09:20,09:30,HAMP 3153,48
03/03/2023,10:20,10:30,HAMP 3153,48
03/03/2023,11:20,11:30,HAMP 3153,48
03/03/2023,12:20,16:30,HAMP 3153,48
03/03/2023,17:45,22:00,HAMP 3153,48
03/03/2023,6:00,10:30,HEAV 206,30
03/03/2023,11:20,11:30,HEAV 206,30
03/03/2023,12:20,12:30,HEAV 206,30
03/03/2023,13:20,15:00,HEAV 206,30
03/03/2023,16:00,22:00,HEAV 206,30
03/03/2023,6:00,13:30,HIKS G980D,124
03/03/2023,14:20,22:00,HIKS G980D,124
03/03/2023,6:00,10:30,HORT 117,87
03/03/2023,11:20,11:30,HORT 117,87
03/03/2023,12:20,12:30,HORT 117,87
03/03/2023,13:20,14:30,HORT 117,87
03/03/2023,15:20,22:00,HORT 117,87
03/03/2023,6:00,13:30,KNOY B029,36
03/03/2023,15:20,22:00,KNOY B029,36
03/03/2023,6:00,08:30,KNOY B031,46
03/03/2023,09:20,09:30,KNOY B031,46
03/03/2023,10:20,10:30,KNOY B031,46
03/03/2023,11:20,22:00,KNOY B031,46
03/03/2023,6:00,11:30,KNOY B033,60
03/03/2023,12:20,22:00,KNOY B033,60
03/03/2023,6:00,13:15,KNOY B041,40
03/03/2023,14:15,22:00,KNOY B041,40
03/03/2023,6:00,12:00,KRAN G004,49
03/03/2023,14:00,17:30,KRAN G004,49
03/03/2023,20:30,22:00,KRAN G004,49
03/03/2023,6:00,09:30,KRAN G005,39
03/03/2023,11:20,13:30,KRAN G005,39
03/03/2023,14:20,22:00,KRAN G005,39
03/03/2023,6:00,13:30,KRAN G009,20
03/03/2023,14:20,14:30,KRAN G009,20
03/03/2023,15:20,18:00,KRAN G009,20
03/03/2023,18:50,19:00,KRAN G009,20
03/03/2023,21:00,22:00,KRAN G009,20
03/03/2023,6:00,09:30,KRAN G010,49
03/03/2023,10:20,10:30,KRAN G010,49
03/03/2023,11:20,11:30,KRAN G010,49
03/03/2023,12:20,12:30,KRAN G010,49
03/03/2023,13:20,13:30,KRAN G010,49
03/03/2023,14:20,14:30,KRAN G010,49
03/03/2023,15:20,19:00,KRAN G010,49
03/03/2023,21:00,22:00,KRAN G010,49
03/03/2023,6:00,08:30,KRAN G012,49
03/03/2023,09:20,12:30,KRAN G012,49
03/03/2023,13:20,13:30,KRAN G012,49
03/03/2023,14:20,22:00,KRAN G012,49
03/03/2023,6:00,10:30,KRAN G013,24
03/03/2023,11:20,11:30,KRAN G013,24
03/03/2023,12:20,14:30,KRAN G013,24
03/03/2023,15:20,22:00,KRAN G013,24
03/03/2023,6:00,08:30,KRAN G016,128
03/03/2023,09:20,09:30,KRAN G016,128
03/03/2023,10:20,10:30,KRAN G016,128
03/03/2023,11:20,11:30,KRAN G016,128
03/03/2023,12:20,12:30,KRAN G016,128
03/03/2023,13:20,13:30,KRAN G016,128
03/03/2023,14:20,14:30,KRAN G016,128
03/03/2023,15:20,15:30,KRAN G016,128
03/03/2023,16:20,16:30,KRAN G016,128
03/03/2023,17:20,22:00,KRAN G016,128
03/03/2023,6:00,09:30,KRAN G018,53
03/03/2023,11:00,11:30,KRAN G018,53
03/03/2023,12:20,12:30,KRAN G018,53
03/03/2023,13:20,13:30,KRAN G018,53
03/03/2023,14:20,14:30,KRAN G018,53
03/03/2023,15:20,16:30,KRAN G018,53
03/03/2023,17:20,22:00,KRAN G018,53
03/03/2023,6:00,07:30,KRAN G020,53
03/03/2023,08:20,08:30,KRAN G020,53
03/03/2023,09:20,13:30,KRAN G020,53
03/03/2023,14:20,14:30,KRAN G020,53
03/03/2023,15:20,18:00,KRAN G020,53
03/03/2023,20:00,22:00,KRAN G020,53
03/03/2023,6:00,11:15,KRAN G021,20
03/03/2023,12:45,22:00,KRAN G021,20
03/03/2023,6:00,13:30,LAMB 104,48
03/03/2023,15:20,22:00,LAMB 104,48
03/03/2023,6:00,09:30,LAMB 105,48
03/03/2023,10:20,10:30,LAMB 105,48
03/03/2023,11:20,11:30,LAMB 105,48
03/03/2023,12:20,12:30,LAMB 105,48
03/03/2023,13:20,13:30,LAMB 105,48
03/03/2023,14:20,22:00,LAMB 105,48
03/03/2023,6:00,11:30,LAMB 108,72
03/03/2023,12:20,22:00,LAMB 108,72
03/03/2023,6:00,08:00,LILY 1105,446
03/03/2023,10:20,10:30,LILY 1105,446
03/03/2023,11:20,12:30,LILY 1105,446
03/03/2023,13:20,13:30,LILY 1105,446
03/03/2023,14:20,14:30,LILY 1105,446
03/03/2023,15:20,15:30,LILY 1105,446
03/03/2023,16:20,16:30,LILY 1105,446
03/03/2023,17:20,22:00,LILY 1105,446
03/03/2023,6:00,10:30,LILY 2102,51
03/03/2023,11:20,11:30,LILY 2102,51
03/03/2023,12:20,13:30,LILY 2102,51
03/03/2023,14:20,18:00,LILY 2102,51
03/03/2023,19:00,22:00,LILY 2102,51
03/03/2023,6:00,08:30,LILY 3102,36
03/03/2023,09:20,09:30,LILY 3102,36
03/03/2023,10:20,10:30,LILY 3102,36
03/03/2023,11:20,11:30,LILY 3102,36
03/03/2023,14:20,18:00,LILY 3102,36
03/03/2023,20:00,22:00,LILY 3102,36
03/03/2023,6:00,08:30,LILY 3118,89
03/03/2023,09:20,10:30,LILY 3118,89
03/03/2023,11:20,11:30,LILY 3118,89
03/03/2023,12:20,12:30,LILY 3118,89
03/03/2023,13:20,14:30,LILY 3118,89
03/03/2023,15:20,22:00,LILY 3118,89
03/03/2023,6:00,09:30,LILY 3410,54
03/03/2023,10:20,10:30,LILY 3410,54
03/03/2023,11:20,11:30,LILY 3410,54
03/03/2023,12:20,14:30,LILY 3410,54
03/03/2023,15:20,15:30,LILY 3410,54
03/03/2023,16:20,16:30,LILY 3410,54
03/03/2023,17:20,22:00,LILY 3410,54
03/03/2023,6:00,08:30,LILY 3418,49
03/03/2023,09:15,09:30,LILY 3418,49
03/03/2023,10:20,10:30,LILY 3418,49
03/03/2023,11:20,11:30,LILY 3418,49
03/03/2023,12:20,12:30,LILY 3418,49
03/03/2023,13:20,13:30,LILY 3418,49
03/03/2023,14:20,14:30,LILY 3418,49
03/03/2023,15:20,15:30,LILY 3418,49
03/03/2023,16:20,22:00,LILY 3418,49
03/03/2023,6:00,09:30,LILY G126,189
03/03/2023,10:20,10:30,LILY G126,189
03/03/2023,11:20,11:30,LILY G126,189
03/03/2023,12:20,12:30,LILY G126,189
03/03/2023,13:20,13:30,LILY G126,189
03/03/2023,14:20,15:30,LILY G126,189
03/03/2023,16:20,18:30,LILY G126,189
03/03/2023,21:30,22:00,LILY G126,189
03/03/2023,6:00,08:30,LILY G401,44
03/03/2023,09:20,09:30,LILY G401,44
03/03/2023,10:20,10:30,LILY G401,44
03/03/2023,11:20,11:30,LILY G401,44
03/03/2023,12:20,12:30,LILY G401,44
03/03/2023,13:20,13:30,LILY G401,44
03/03/2023,14:20,14:30,LILY G401,44
03/03/2023,15:20,15:30,LILY G401,44
03/03/2023,16:20,16:30,LILY G401,44
03/03/2023,17:20,22:00,LILY G401,44
03/03/2023,6:00,09:30,LILY G420,60
03/03/2023,11:20,11:30,LILY G420,60
03/03/2023,13:20,14:30,LILY G420,60
03/03/2023,15:20,22:00,LILY G420,60
03/03/2023,6:00,10:30,LILY G458,30
03/03/2023,11:20,12:30,LILY G458,30
03/03/2023,13:20,14:30,LILY G458,30
03/03/2023,15:20,22:00,LILY G458,30
03/03/2023,6:00,07:30,LWSN 1106,44
03/03/2023,08:20,08:30,LWSN 1106,44
03/03/2023,09:20,09:30,LWSN 1106,44
03/03/2023,10:20,13:30,LWSN 1106,44
03/03/2023,14:20,14:30,LWSN 1106,44
03/03/2023,15:30,16:30,LWSN 1106,44
03/03/2023,17:20,22:00,LWSN 1106,44
03/03/2023,6:00,10:30,LWSN B134,36
03/03/2023,11:20,14:30,LWSN B134,36
03/03/2023,15:20,17:00,LWSN B134,36
03/03/2023,19:00,22:00,LWSN B134,36
03/03/2023,6:00,10:30,LWSN B151,60
03/03/2023,11:20,11:30,LWSN B151,60
03/03/2023,12:20,14:30,LWSN B151,60
03/03/2023,15:30,18:00,LWSN B151,60
03/03/2023,19:00,22:00,LWSN B151,60
03/03/2023,6:00,07:30,LWSN B155,83
03/03/2023,08:20,08:30,LWSN B155,83
03/03/2023,09:20,09:30,LWSN B155,83
03/03/2023,10:20,10:30,LWSN B155,83
03/03/2023,11:20,11:30,LWSN B155,83
03/03/2023,12:20,12:30,LWSN B155,83
03/03/2023,13:20,13:30,LWSN B155,83
03/03/2023,14:20,14:30,LWSN B155,83
03/03/2023,15:20,15:30,LWSN B155,83
03/03/2023,16:20,22:00,LWSN B155,83
03/03/2023,6:00,09:30,LYLE 1150,40
03/03/2023,10:20,12:30,LYLE 1150,40
03/03/2023,13:20,13:30,LYLE 1150,40
03/03/2023,15:20,22:00,LYLE 1150,40
03/03/2023,6:00,12:30,LYLE 1160,72
03/03/2023,13:20,13:30,LYLE 1160,72
03/03/2023,14:20,22:00,LYLE 1160,72
03/03/2023,6:00,08:00,LYNN 1136,196
03/03/2023,09:20,09:30,LYNN 1136,196
03/03/2023,11:20,11:30,LYNN 1136,196
03/03/2023,12:20,12:30,LYNN 1136,196
03/03/2023,13:20,13:30,LYNN 1136,196
03/03/2023,14:20,15:00,LYNN 1136,196
03/03/2023,17:00,22:00,LYNN 1136,196
03/03/2023,6:00,09:30,LYNN G167,89
03/03/2023,10:20,10:30,LYNN G167,89
03/03/2023,11:20,12:30,LYNN G167,89
03/03/2023,13:20,13:30,LYNN G167,89
03/03/2023,17:20,22:00,LYNN G167,89
03/03/2023,6:00,08:30,LYNN G210,89
03/03/2023,09:20,12:30,LYNN G210,89
03/03/2023,13:20,13:30,LYNN G210,89
03/03/2023,17:20,22:00,LYNN G210,89
03/03/2023,6:00,07:30,MATH 175,180
03/03/2023,08:20,08:30,MATH 175,180
03/03/2023,09:20,09:30,MATH 175,180
03/03/2023,10:20,11:30,MATH 175,180
03/03/2023,12:20,12:30,MATH 175,180
03/03/2023,13:20,13:30,MATH 175,180
03/03/2023,14:20,15:30,MATH 175,180
03/03/2023,16:20,16:30,MATH 175,180
03/03/2023,17:20,22:00,MATH 175,180
03/03/2023,6:00,10:30,MATH 215,24
03/03/2023,11:20,11:30,MATH 215,24
03/03/2023,12:20,12:30,MATH 215,24
03/03/2023,13:20,13:30,MATH 215,24
03/03/2023,14:20,16:30,MATH 215,24
03/03/2023,17:30,22:00,MATH 215,24
03/03/2023,6:00,09:30,ME 1006,30
03/03/2023,11:20,11:30,ME 1006,30
03/03/2023,13:20,14:30,ME 1006,30
03/03/2023,15:20,14:30,ME 1006,30
03/03/2023,15:20,22:00,ME 1006,30
03/03/2023,6:00,09:30,ME 1009,54
03/03/2023,10:20,10:30,ME 1009,54
03/03/2023,11:20,14:30,ME 1009,54
03/03/2023,15:20,22:00,ME 1009,54
03/03/2023,6:00,07:30,ME 1015,44
03/03/2023,08:20,08:30,ME 1015,44
03/03/2023,09:20,10:30,ME 1015,44
03/03/2023,11:20,11:30,ME 1015,44
03/03/2023,12:20,12:30,ME 1015,44
03/03/2023,13:20,13:30,ME 1015,44
03/03/2023,14:20,14:30,ME 1015,44
03/03/2023,15:20,22:00,ME 1015,44
03/03/2023,6:00,09:30,ME 1051,50
03/03/2023,10:20,10:30,ME 1051,50
03/03/2023,11:20,13:30,ME 1051,50
03/03/2023,14:20,22:00,ME 1051,50
03/03/2023,6:00,08:30,ME 1052,66
03/03/2023,09:20,09:30,ME 1052,66
03/03/2023,10:20,10:30,ME 1052,66
03/03/2023,11:20,12:30,ME 1052,66
03/03/2023,13:20,13:30,ME 1052,66
03/03/2023,14:20,14:30,ME 1052,66
03/03/2023,15:20,15:30,ME 1052,66
03/03/2023,16:20,16:30,ME 1052,66
03/03/2023,17:15,22:00,ME 1052,66
03/03/2023,6:00,08:30,ME 1061,158
03/03/2023,09:20,09:30,ME 1061,158
03/03/2023,10:20,10:30,ME 1061,158
03/03/2023,11:20,11:30,ME 1061,158
03/03/2023,12:20,12:30,ME 1061,158
03/03/2023,13:20,13:30,ME 1061,158
03/03/2023,14:20,14:30,ME 1061,158
03/03/2023,15:20,15:30,ME 1061,158
03/03/2023,16:20,16:30,ME 1061,158
03/03/2023,17:20,22:00,ME 1061,158
03/03/2023,6:00,07:30,ME 1130,120
03/03/2023,08:20,08:30,ME 1130,120
03/03/2023,09:20,09:30,ME 1130,120
03/03/2023,10:20,10:30,ME 1130,120
03/03/2023,11:20,12:30,ME 1130,120
03/03/2023,13:20,14:30,ME 1130,120
03/03/2023,15:20,15:30,ME 1130,120
03/03/2023,16:20,16:30,ME 1130,120
03/03/2023,17:20,22:00,ME 1130,120
03/03/2023,6:00,10:30,ME 2004,48
03/03/2023,11:20,22:00,ME 2004,48
03/03/2023,6:00,07:30,ME 2053,32
03/03/2023,08:20,08:30,ME 2053,32
03/03/2023,09:20,09:30,ME 2053,32
03/03/2023,10:20,10:30,ME 2053,32
03/03/2023,11:20,15:00,ME 2053,32
03/03/2023,17:00,18:00,ME 2053,32
03/03/2023,19:00,22:00,ME 2053,32
03/03/2023,6:00,08:30,ME 2061,96
03/03/2023,09:20,09:30,ME 2061,96
03/03/2023,10:20,10:30,ME 2061,96
03/03/2023,11:20,11:30,ME 2061,96
03/03/2023,12:20,12:30,ME 2061,96
03/03/2023,13:20,13:30,ME 2061,96
03/03/2023,14:20,16:30,ME 2061,96
03/03/2023,17:20,19:30,ME 2061,96
03/03/2023,22:30,22:00,ME 2061,96
03/03/2023,6:00,09:30,ME 3006,40
03/03/2023,11:20,13:30,ME 3006,40
03/03/2023,15:20,15:30,ME 3006,40
03/03/2023,17:20,22:00,ME 3006,40
03/03/2023,6:00,08:30,MJIS 1001,96
03/03/2023,09:20,10:30,MJIS 1001,96
03/03/2023,11:20,11:30,MJIS 1001,96
03/03/2023,12:20,12:30,MJIS 1001,96
03/03/2023,13:20,22:00,MJIS 1001,96
03/03/2023,6:00,08:30,MJIS 1083,40
03/03/2023,09:20,09:30,MJIS 1083,40
03/03/2023,10:20,10:30,MJIS 1083,40
03/03/2023,11:20,13:30,MJIS 1083,40
03/03/2023,14:20,14:30,MJIS 1083,40
03/03/2023,15:20,15:30,MJIS 1083,40
03/03/2023,18:00,18:00,MJIS 1083,40
03/03/2023,19:00,22:00,MJIS 1083,40
03/03/2023,6:00,08:30,MSEE B010,41
03/03/2023,09:20,22:00,MSEE B010,41
03/03/2023,6:00,09:30,MSEE B012,96
03/03/2023,10:20,10:30,MSEE B012,96
03/03/2023,11:20,11:30,MSEE B012,96
03/03/2023,12:20,12:30,MSEE B012,96
03/03/2023,13:20,13:30,MSEE B012,96
03/03/2023,14:20,15:30,MSEE B012,96
03/03/2023,16:20,22:00,MSEE B012,96
03/03/2023,6:00,09:30,MTHW 210,220
03/03/2023,10:20,10:30,MTHW 210,220
03/03/2023,11:20,11:30,MTHW 210,220
03/03/2023,12:20,14:30,MTHW 210,220
03/03/2023,15:20,15:30,MTHW 210,220
03/03/2023,16:20,18:00,MTHW 210,220
03/03/2023,18:50,19:00,MTHW 210,220
03/03/2023,22:30,22:00,MTHW 210,220
03/03/2023,6:00,09:30,MTHW 304,56
03/03/2023,10:20,09:30,MTHW 304,56
03/03/2023,10:20,10:30,MTHW 304,56
03/03/2023,11:20,10:30,MTHW 304,56
03/03/2023,11:20,11:30,MTHW 304,56
03/03/2023,12:20,11:30,MTHW 304,56
03/03/2023,12:20,13:30,MTHW 304,56
03/03/2023,14:20,13:30,MTHW 304,56
03/03/2023,14:20,14:30,MTHW 304,56
03/03/2023,15:20,14:30,MTHW 304,56
03/03/2023,15:20,15:30,MTHW 304,56
03/03/2023,16:20,15:30,MTHW 304,56
03/03/2023,16:20,22:00,MTHW 304,56
03/03/2023,6:00,07:30,NISW 149,72
03/03/2023,08:20,09:30,NISW 149,72
03/03/2023,10:20,11:30,NISW 149,72
03/03/2023,12:20,13:30,NISW 149,72
03/03/2023,14:20,15:30,NISW 149,72
03/03/2023,16:20,16:30,NISW 149,72
03/03/2023,17:20,22:00,NISW 149,72
03/03/2023,6:00,08:30,NISW 157,60
03/03/2023,09:20,10:30,NISW 157,60
03/03/2023,11:20,11:30,NISW 157,60
03/03/2023,12:20,13:30,NISW 157,60
03/03/2023,14:20,14:30,NISW 157,60
03/03/2023,15:20,15:30,NISW 157,60
03/03/2023,16:20,16:30,NISW 157,60
03/03/2023,17:20,22:00,NISW 157,60
03/03/2023,6:00,07:30,NISW 184,40
03/03/2023,08:20,08:30,NISW 184,40
03/03/2023,09:20,11:30,NISW 184,40
03/03/2023,12:20,12:30,NISW 184,40
03/03/2023,13:20,14:30,NISW 184,40
03/03/2023,15:20,22:00,NISW 184,40
03/03/2023,6:00,10:30,NLSN 1195,68
03/03/2023,11:20,15:30,NLSN 1195,68
03/03/2023,16:20,18:30,NLSN 1195,68
03/03/2023,22:00,22:00,NLSN 1195,68
03/03/2023,6:00,08:30,NLSN 1215,54
03/03/2023,09:20,22:00,NLSN 1215,54
03/03/2023,6:00,13:30,PAO 1197,32
03/03/2023,16:20,22:00,PAO 1197,32
03/03/2023,6:00,10:30,PAO B157,45
03/03/2023,11:20,11:30,PAO B157,45
03/03/2023,12:20,22:00,PAO B157,45
03/03/2023,6:00,09:30,PHYS 110,42
03/03/2023,10:20,10:30,PHYS 110,42
03/03/2023,11:20,11:30,PHYS 110,42
03/03/2023,12:20,12:30,PHYS 110,42
03/03/2023,13:20,13:30,PHYS 110,42
03/03/2023,14:20,14:30,PHYS 110,42
03/03/2023,15:20,15:30,PHYS 110,42
03/03/2023,16:20,22:00,PHYS 110,42
03/03/2023,6:00,07:30,PHYS 112,269
03/03/2023,08:20,08:30,PHYS 112,269
03/03/2023,09:20,09:30,PHYS 112,269
03/03/2023,10:20,12:00,PHYS 112,269
03/03/2023,13:15,16:30,PHYS 112,269
03/03/2023,17:20,22:00,PHYS 112,269
03/03/2023,6:00,07:30,PHYS 114,276
03/03/2023,08:20,08:30,PHYS 114,276
03/03/2023,09:20,09:30,PHYS 114,276
03/03/2023,10:20,10:30,PHYS 114,276
03/03/2023,11:20,11:30,PHYS 114,276
03/03/2023,12:20,13:30,PHYS 114,276
03/03/2023,14:20,14:30,PHYS 114,276
03/03/2023,15:20,15:30,PHYS 114,276
03/03/2023,16:20,22:00,PHYS 114,276
03/03/2023,6:00,08:30,PHYS 202,42
03/03/2023,09:20,09:30,PHYS 202,42
03/03/2023,10:20,11:30,PHYS 202,42
03/03/2023,12:20,12:30,PHYS 202,42
03/03/2023,13:20,13:30,PHYS 202,42
03/03/2023,14:20,14:30,PHYS 202,42
03/03/2023,15:20,15:30,PHYS 202,42
03/03/2023,16:20,22:00,PHYS 202,42
03/03/2023,6:00,09:30,PHYS 203,99
03/03/2023,10:20,14:30,PHYS 203,99
03/03/2023,15:20,15:30,PHYS 203,99
03/03/2023,17:20,22:00,PHYS 203,99
03/03/2023,6:00,09:30,PHYS 223,114
03/03/2023,10:20,10:30,PHYS 223,114
03/03/2023,11:20,13:30,PHYS 223,114
03/03/2023,14:20,14:30,PHYS 223,114
03/03/2023,15:20,22:00,PHYS 223,114
03/03/2023,6:00,07:30,PHYS 238,52
03/03/2023,08:20,08:30,PHYS 238,52
03/03/2023,09:20,09:30,PHYS 238,52
03/03/2023,10:20,10:30,PHYS 238,52
03/03/2023,11:20,11:30,PHYS 238,52
03/03/2023,12:20,12:30,PHYS 238,52
03/03/2023,13:20,13:30,PHYS 238,52
03/03/2023,14:20,14:30,PHYS 238,52
03/03/2023,15:20,15:30,PHYS 238,52
03/03/2023,16:20,16:30,PHYS 238,52
03/03/2023,17:20,22:00,PHYS 238,52
03/03/2023,6:00,08:30,PHYS 331,45
03/03/2023,09:20,10:30,PHYS 331,45
03/03/2023,11:20,22:00,PHYS 331,45
03/03/2023,6:00,09:30,PHYS 333,45
03/03/2023,10:20,10:30,PHYS 333,45
03/03/2023,11:20,11:30,PHYS 333,45
03/03/2023,12:20,12:30,PHYS 333,45
03/03/2023,13:20,13:30,PHYS 333,45
03/03/2023,14:20,14:30,PHYS 333,45
03/03/2023,15:20,15:30,PHYS 333,45
03/03/2023,16:20,22:00,PHYS 333,45
03/03/2023,6:00,08:30,PHYS 338,45
03/03/2023,09:20,09:30,PHYS 338,45
03/03/2023,10:20,10:30,PHYS 338,45
03/03/2023,11:20,11:30,PHYS 338,45
03/03/2023,12:20,12:30,PHYS 338,45
03/03/2023,13:20,13:30,PHYS 338,45
03/03/2023,14:20,14:30,PHYS 338,45
03/03/2023,15:20,15:30,PHYS 338,45
03/03/2023,16:20,22:00,PHYS 338,45
03/03/2023,6:00,08:30,PRCE 277,50
03/03/2023,09:20,09:30,PRCE 277,50
03/03/2023,10:20,10:30,PRCE 277,50
03/03/2023,11:20,11:30,PRCE 277,50
03/03/2023,12:20,12:30,PRCE 277,50
03/03/2023,14:20,14:30,PRCE 277,50
03/03/2023,15:20,18:00,PRCE 277,50
03/03/2023,20:00,22:00,PRCE 277,50
03/03/2023,6:00,13:30,PSYC 2102,16
03/03/2023,16:20,22:00,PSYC 2102,16
03/03/2023,6:00,10:30,PSYC 3102,21
03/03/2023,11:20,13:30,PSYC 3102,21
03/03/2023,14:20,22:00,PSYC 3102,21
03/03/2023,6:00,09:30,PSYC 3187,30
03/03/2023,10:20,16:00,PSYC 3187,30
03/03/2023,17:00,22:00,PSYC 3187,30
03/03/2023,6:00,09:30,RAWL 1011,62
03/03/2023,10:20,10:30,RAWL 1011,62
03/03/2023,11:20,11:30,RAWL 1011,62
03/03/2023,12:20,12:30,RAWL 1011,62
03/03/2023,13:20,15:30,RAWL 1011,62
03/03/2023,16:20,16:30,RAWL 1011,62
03/03/2023,17:20,20:15,RAWL 1011,62
03/03/2023,21:15,22:00,RAWL 1011,62
03/03/2023,6:00,09:30,RAWL 1057,64
03/03/2023,10:20,10:30,RAWL 1057,64
03/03/2023,11:20,11:30,RAWL 1057,64
03/03/2023,12:20,12:30,RAWL 1057,64
03/03/2023,13:20,16:45,RAWL 1057,64
03/03/2023,20:15,22:00,RAWL 1057,64
03/03/2023,6:00,07:30,RAWL 1062,72
03/03/2023,08:20,08:30,RAWL 1062,72
03/03/2023,09:20,09:30,RAWL 1062,72
03/03/2023,10:20,10:30,RAWL 1062,72
03/03/2023,11:20,11:30,RAWL 1062,72
03/03/2023,12:20,12:30,RAWL 1062,72
03/03/2023,13:20,13:30,RAWL 1062,72
03/03/2023,14:20,14:30,RAWL 1062,72
03/03/2023,15:20,15:30,RAWL 1062,72
03/03/2023,16:20,22:00,RAWL 1062,72
03/03/2023,6:00,08:30,RAWL 1071,36
03/03/2023,09:20,10:30,RAWL 1071,36
03/03/2023,11:20,11:30,RAWL 1071,36
03/03/2023,12:20,13:30,RAWL 1071,36
03/03/2023,14:20,22:00,RAWL 1071,36
03/03/2023,6:00,08:30,RAWL 1086,136
03/03/2023,09:20,09:30,RAWL 1086,136
03/03/2023,10:20,10:30,RAWL 1086,136
03/03/2023,11:20,11:30,RAWL 1086,136
03/03/2023,12:20,12:30,RAWL 1086,136
03/03/2023,13:20,13:30,RAWL 1086,136
03/03/2023,14:20,14:30,RAWL 1086,136
03/03/2023,15:20,15:30,RAWL 1086,136
03/03/2023,16:20,22:00,RAWL 1086,136
03/03/2023,6:00,07:45,RAWL 2058,48
03/03/2023,11:15,11:30,RAWL 2058,48
03/03/2023,13:00,13:30,RAWL 2058,48
03/03/2023,14:20,16:30,RAWL 2058,48
03/03/2023,17:20,17:45,RAWL 2058,48
03/03/2023,21:15,22:00,RAWL 2058,48
03/03/2023,6:00,07:45,RAWL 2070,64
03/03/2023,11:15,11:30,RAWL 2070,64
03/03/2023,14:20,11:30,RAWL 2070,64
03/03/2023,13:20,17:45,RAWL 2070,64
03/03/2023,21:15,22:00,RAWL 2070,64
03/03/2023,6:00,09:00,RAWL 2077,34
03/03/2023,11:50,13:30,RAWL 2077,34
03/03/2023,15:00,17:45,RAWL 2077,34
03/03/2023,21:15,22:00,RAWL 2077,34
03/03/2023,6:00,09:00,RAWL 2079,30
03/03/2023,10:30,10:40,RAWL 2079,30
03/03/2023,10:50,11:00,RAWL 2079,30
03/03/2023,12:20,12:45,RAWL 2079,30
03/03/2023,16:15,17:45,RAWL 2079,30
03/03/2023,21:15,22:00,RAWL 2079,30
03/03/2023,6:00,07:45,RAWL 2082,64
03/03/2023,11:15,11:30,RAWL 2082,64
03/03/2023,12:20,12:30,RAWL 2082,64
03/03/2023,13:20,13:30,RAWL 2082,64
03/03/2023,14:20,14:30,RAWL 2082,64
03/03/2023,15:20,15:30,RAWL 2082,64
03/03/2023,16:20,17:45,RAWL 2082,64
03/03/2023,21:15,22:00,RAWL 2082,64
03/03/2023,6:00,08:30,RAWL 3058,64
03/03/2023,09:20,09:30,RAWL 3058,64
03/03/2023,11:00,11:10,RAWL 3058,64
03/03/2023,12:35,12:45,RAWL 3058,64
03/03/2023,16:15,16:30,RAWL 3058,64
03/03/2023,17:20,17:45,RAWL 3058,64
03/03/2023,21:15,22:00,RAWL 3058,64
03/03/2023,6:00,08:00,RHPH 162,36
03/03/2023,09:15,11:30,RHPH 162,36
03/03/2023,13:20,15:30,RHPH 162,36
03/03/2023,16:20,22:00,RHPH 162,36
03/03/2023,6:00,09:30,RHPH 164,70
03/03/2023,10:20,10:30,RHPH 164,70
03/03/2023,11:20,11:30,RHPH 164,70
03/03/2023,12:20,12:30,RHPH 164,70
03/03/2023,13:20,13:30,RHPH 164,70
03/03/2023,14:20,14:30,RHPH 164,70
03/03/2023,16:20,22:00,RHPH 164,70
03/03/2023,6:00,08:30,RHPH 172,193
03/03/2023,10:20,10:30,RHPH 172,193
03/03/2023,11:20,11:30,RHPH 172,193
03/03/2023,13:20,13:30,RHPH 172,193
03/03/2023,14:20,14:30,RHPH 172,193
03/03/2023,16:20,16:30,RHPH 172,193
03/03/2023,17:20,22:00,RHPH 172,193
03/03/2023,6:00,08:30,SC 102,35
03/03/2023,09:20,09:30,SC 102,35
03/03/2023,10:20,10:30,SC 102,35
03/03/2023,11:20,11:30,SC 102,35
03/03/2023,12:20,12:30,SC 102,35
03/03/2023,13:20,13:30,SC 102,35
03/03/2023,14:20,14:30,SC 102,35
03/03/2023,15:20,15:30,SC 102,35
03/03/2023,16:20,16:30,SC 102,35
03/03/2023,17:20,22:00,SC 102,35
03/03/2023,6:00,08:30,SC 108,29
03/03/2023,09:20,09:30,SC 108,29
03/03/2023,10:20,10:30,SC 108,29
03/03/2023,11:20,11:30,SC 108,29
03/03/2023,12:20,12:30,SC 108,29
03/03/2023,13:20,13:30,SC 108,29
03/03/2023,14:20,14:30,SC 108,29
03/03/2023,15:20,22:00,SC 108,29
03/03/2023,6:00,08:30,SC 114,20
03/03/2023,09:20,10:30,SC 114,20
03/03/2023,11:20,11:30,SC 114,20
03/03/2023,12:20,13:30,SC 114,20
03/03/2023,14:20,14:30,SC 114,20
03/03/2023,15:20,16:30,SC 114,20
03/03/2023,17:20,22:00,SC 114,20
03/03/2023,6:00,08:30,SC 239,90
03/03/2023,09:20,10:30,SC 239,90
03/03/2023,11:20,11:30,SC 239,90
03/03/2023,12:20,12:30,SC 239,90
03/03/2023,13:20,13:30,SC 239,90
03/03/2023,14:20,15:30,SC 239,90
03/03/2023,16:20,19:00,SC 239,90
03/03/2023,22:00,22:00,SC 239,90
03/03/2023,6:00,08:30,SC G002,28
03/03/2023,09:20,09:30,SC G002,28
03/03/2023,10:20,10:30,SC G002,28
03/03/2023,11:20,11:30,SC G002,28
03/03/2023,12:20,12:30,SC G002,28
03/03/2023,13:20,13:30,SC G002,28
03/03/2023,14:20,14:30,SC G002,28
03/03/2023,15:20,15:30,SC G002,28
03/03/2023,16:20,16:30,SC G002,28
03/03/2023,17:20,22:00,SC G002,28
03/03/2023,6:00,07:30,SC G008,28
03/03/2023,08:20,08:30,SC G008,28
03/03/2023,09:20,09:30,SC G008,28
03/03/2023,10:20,10:30,SC G008,28
03/03/2023,11:20,11:30,SC G008,28
03/03/2023,12:20,12:30,SC G008,28
03/03/2023,13:20,14:30,SC G008,28
03/03/2023,15:20,16:30,SC G008,28
03/03/2023,17:20,22:00,SC G008,28
03/03/2023,6:00,08:30,SC G014,29
03/03/2023,09:20,09:30,SC G014,29
03/03/2023,10:20,10:30,SC G014,29
03/03/2023,11:20,11:30,SC G014,29
03/03/2023,12:20,12:30,SC G014,29
03/03/2023,13:20,13:30,SC G014,29
03/03/2023,14:20,14:30,SC G014,29
03/03/2023,15:20,16:30,SC G014,29
03/03/2023,17:20,22:00,SC G014,29
03/03/2023,6:00,08:30,SC G030,38
03/03/2023,09:20,09:30,SC G030,38
03/03/2023,10:20,11:30,SC G030,38
03/03/2023,12:20,12:30,SC G030,38
03/03/2023,13:20,13:30,SC G030,38
03/03/2023,14:20,14:30,SC G030,38
03/03/2023,15:20,22:00,SC G030,38
03/03/2023,6:00,08:30,SC G032,16
03/03/2023,09:20,10:30,SC G032,16
03/03/2023,11:20,11:30,SC G032,16
03/03/2023,12:20,12:30,SC G032,16
03/03/2023,13:20,14:30,SC G032,16
03/03/2023,15:20,22:00,SC G032,16
03/03/2023,6:00,09:30,SC G038,16
03/03/2023,10:20,11:30,SC G038,16
03/03/2023,12:20,13:30,SC G038,16
03/03/2023,14:20,14:30,SC G038,16
03/03/2023,15:20,15:30,SC G038,16
03/03/2023,16:20,22:00,SC G038,16
03/03/2023,6:00,08:30,SC G039,38
03/03/2023,09:20,09:30,SC G039,38
03/03/2023,10:20,10:30,SC G039,38
03/03/2023,11:20,11:30,SC G039,38
03/03/2023,12:20,12:30,SC G039,38
03/03/2023,13:20,13:30,SC G039,38
03/03/2023,14:20,14:30,SC G039,38
03/03/2023,15:20,15:30,SC G039,38
03/03/2023,16:20,22:00,SC G039,38
03/03/2023,6:00,08:30,SC G040,38
03/03/2023,09:20,10:30,SC G040,38
03/03/2023,11:20,11:30,SC G040,38
03/03/2023,12:20,13:30,SC G040,38
03/03/2023,14:20,14:30,SC G040,38
03/03/2023,15:20,15:30,SC G040,38
03/03/2023,16:20,22:00,SC G040,38
03/03/2023,6:00,09:30,SC G060,28
03/03/2023,10:20,10:30,SC G060,28
03/03/2023,11:20,11:30,SC G060,28
03/03/2023,12:20,12:30,SC G060,28
03/03/2023,13:20,13:30,SC G060,28
03/03/2023,14:20,14:30,SC G060,28
03/03/2023,15:20,15:30,SC G060,28
03/03/2023,16:20,16:30,SC G060,28
03/03/2023,17:20,22:00,SC G060,28
03/03/2023,6:00,08:30,SC G064,28
03/03/2023,09:20,09:30,SC G064,28
03/03/2023,10:20,10:30,SC G064,28
03/03/2023,11:20,11:30,SC G064,28
03/03/2023,12:20,13:30,SC G064,28
03/03/2023,14:20,14:30,SC G064,28
03/03/2023,15:20,15:30,SC G064,28
03/03/2023,16:20,16:30,SC G064,28
03/03/2023,17:20,22:00,SC G064,28
03/03/2023,6:00,08:30,SCHM 108,36
03/03/2023,09:20,10:30,SCHM 108,36
03/03/2023,11:20,11:30,SCHM 108,36
03/03/2023,12:20,12:30,SCHM 108,36
03/03/2023,13:20,13:30,SCHM 108,36
03/03/2023,14:20,15:30,SCHM 108,36
03/03/2023,16:20,22:00,SCHM 108,36
03/03/2023,6:00,10:30,SCHM 112,40
03/03/2023,11:20,12:30,SCHM 112,40
03/03/2023,13:20,22:00,SCHM 112,40
03/03/2023,6:00,11:30,SCHM 113,40
03/03/2023,12:20,12:30,SCHM 113,40
03/03/2023,13:20,13:30,SCHM 113,40
03/03/2023,14:20,14:30,SCHM 113,40
03/03/2023,15:20,15:30,SCHM 113,40
03/03/2023,16:20,22:00,SCHM 113,40
03/03/2023,6:00,07:30,SCHM 114,40
03/03/2023,08:20,08:30,SCHM 114,40
03/03/2023,09:20,09:30,SCHM 114,40
03/03/2023,10:20,10:30,SCHM 114,40
03/03/2023,11:20,11:30,SCHM 114,40
03/03/2023,12:20,13:30,SCHM 114,40
03/03/2023,14:20,22:00,SCHM 114,40
03/03/2023,6:00,08:30,SCHM 116,21
03/03/2023,09:20,09:30,SCHM 116,21
03/03/2023,10:20,10:30,SCHM 116,21
03/03/2023,11:20,11:30,SCHM 116,21
03/03/2023,12:20,13:30,SCHM 116,21
03/03/2023,14:20,14:30,SCHM 116,21
03/03/2023,15:20,15:30,SCHM 116,21
03/03/2023,16:20,22:00,SCHM 116,21
03/03/2023,6:00,08:30,SCHM 117,21
03/03/2023,09:20,09:30,SCHM 117,21
03/03/2023,10:20,11:30,SCHM 117,21
03/03/2023,12:20,15:30,SCHM 117,21
03/03/2023,16:20,22:00,SCHM 117,21
03/03/2023,6:00,08:30,SCHM 121,40
03/03/2023,09:20,10:30,SCHM 121,40
03/03/2023,11:20,11:30,SCHM 121,40
03/03/2023,12:20,12:30,SCHM 121,40
03/03/2023,13:20,13:30,SCHM 121,40
03/03/2023,14:20,14:30,SCHM 121,40
03/03/2023,15:20,15:30,SCHM 121,40
03/03/2023,16:20,22:00,SCHM 121,40
03/03/2023,6:00,09:30,SCHM 122,40
03/03/2023,10:20,10:30,SCHM 122,40
03/03/2023,11:20,11:30,SCHM 122,40
03/03/2023,12:20,12:30,SCHM 122,40
03/03/2023,13:20,13:30,SCHM 122,40
03/03/2023,14:20,14:30,SCHM 122,40
03/03/2023,15:20,15:30,SCHM 122,40
03/03/2023,16:20,16:30,SCHM 122,40
03/03/2023,17:20,22:00,SCHM 122,40
03/03/2023,6:00,09:30,SCHM 123,40
03/03/2023,10:20,10:30,SCHM 123,40
03/03/2023,11:20,11:30,SCHM 123,40
03/03/2023,12:20,12:30,SCHM 123,40
03/03/2023,13:20,13:30,SCHM 123,40
03/03/2023,14:20,14:30,SCHM 123,40
03/03/2023,15:20,15:30,SCHM 123,40
03/03/2023,16:20,22:00,SCHM 123,40
03/03/2023,6:00,11:00,SCHM 225,28
03/03/2023,12:20,12:30,SCHM 225,28
03/03/2023,13:20,13:30,SCHM 225,28
03/03/2023,14:20,15:30,SCHM 225,28
03/03/2023,16:20,17:00,SCHM 225,28
03/03/2023,18:00,22:00,SCHM 225,28
03/03/2023,6:00,08:30,SCHM 226,30
03/03/2023,09:20,09:30,SCHM 226,30
03/03/2023,10:20,10:30,SCHM 226,30
03/03/2023,11:20,11:30,SCHM 226,30
03/03/2023,12:20,22:00,SCHM 226,30
03/03/2023,6:00,08:30,SCHM 227,28
03/03/2023,09:20,09:30,SCHM 227,28
03/03/2023,10:20,10:30,SCHM 227,28
03/03/2023,11:20,11:30,SCHM 227,28
03/03/2023,12:20,12:30,SCHM 227,28
03/03/2023,13:20,13:30,SCHM 227,28
03/03/2023,14:20,14:30,SCHM 227,28
03/03/2023,15:20,15:30,SCHM 227,28
03/03/2023,16:20,22:00,SCHM 227,28
03/03/2023,6:00,08:00,SCHM 302,40
03/03/2023,11:00,18:00,SCHM 302,40
03/03/2023,22:00,22:00,SCHM 302,40
03/03/2023,6:00,07:30,SCHM 303,30
03/03/2023,08:20,08:30,SCHM 303,30
03/03/2023,09:20,09:30,SCHM 303,30
03/03/2023,10:20,10:30,SCHM 303,30
03/03/2023,11:20,11:30,SCHM 303,30
03/03/2023,12:20,12:30,SCHM 303,30
03/03/2023,13:20,13:30,SCHM 303,30
03/03/2023,14:20,14:30,SCHM 303,30
03/03/2023,15:20,22:00,SCHM 303,30
03/03/2023,6:00,11:30,SCHM 307,40
03/03/2023,12:20,12:30,SCHM 307,40
03/03/2023,13:20,18:00,SCHM 307,40
03/03/2023,22:00,22:00,SCHM 307,40
03/03/2023,6:00,09:30,SCHM 308,40
03/03/2023,10:20,12:30,SCHM 308,40
03/03/2023,13:20,13:30,SCHM 308,40
03/03/2023,14:20,18:00,SCHM 308,40
03/03/2023,22:00,22:00,SCHM 308,40
03/03/2023,6:00,08:30,SCHM 309,40
03/03/2023,09:20,09:30,SCHM 309,40
03/03/2023,10:20,10:30,SCHM 309,40
03/03/2023,11:20,11:30,SCHM 309,40
03/03/2023,12:20,12:30,SCHM 309,40
03/03/2023,13:20,13:30,SCHM 309,40
03/03/2023,14:20,14:30,SCHM 309,40
03/03/2023,15:20,15:30,SCHM 309,40
03/03/2023,16:20,18:00,SCHM 309,40
03/03/2023,22:00,22:00,SCHM 309,40
03/03/2023,6:00,08:30,SCHM 313,47
03/03/2023,09:20,09:30,SCHM 313,47
03/03/2023,10:20,10:30,SCHM 313,47
03/03/2023,11:20,11:30,SCHM 313,47
03/03/2023,12:20,12:30,SCHM 313,47
03/03/2023,13:20,13:30,SCHM 313,47
03/03/2023,14:20,14:30,SCHM 313,47
03/03/2023,15:20,18:00,SCHM 313,47
03/03/2023,22:00,22:00,SCHM 313,47
03/03/2023,6:00,18:00,SCHM 314,24
03/03/2023,22:00,22:00,SCHM 314,24
03/03/2023,6:00,08:30,SCHM 315,30
03/03/2023,09:20,09:30,SCHM 315,30
03/03/2023,10:20,10:30,SCHM 315,30
03/03/2023,11:20,12:30,SCHM 315,30
03/03/2023,13:20,13:30,SCHM 315,30
03/03/2023,14:20,14:30,SCHM 315,30
03/03/2023,15:20,15:30,SCHM 315,30
03/03/2023,16:20,18:00,SCHM 315,30
03/03/2023,22:00,22:00,SCHM 315,30
03/03/2023,6:00,08:30,SCHM 316,40
03/03/2023,09:20,09:30,SCHM 316,40
03/03/2023,10:20,10:30,SCHM 316,40
03/03/2023,11:20,11:30,SCHM 316,40
03/03/2023,12:20,13:30,SCHM 316,40
03/03/2023,14:20,18:00,SCHM 316,40
03/03/2023,22:00,22:00,SCHM 316,40
03/03/2023,6:00,11:30,SCHM 317,40
03/03/2023,12:20,12:30,SCHM 317,40
03/03/2023,13:20,13:30,SCHM 317,40
03/03/2023,14:20,16:30,SCHM 317,40
03/03/2023,17:20,18:00,SCHM 317,40
03/03/2023,22:00,22:00,SCHM 317,40
03/03/2023,6:00,09:30,SMTH 108,205
03/03/2023,10:20,10:30,SMTH 108,205
03/03/2023,11:20,11:45,SMTH 108,205
03/03/2023,12:20,12:30,SMTH 108,205
03/03/2023,13:20,13:30,SMTH 108,205
03/03/2023,14:20,14:30,SMTH 108,205
03/03/2023,15:20,15:30,SMTH 108,205
03/03/2023,16:20,22:00,SMTH 108,205
03/03/2023,6:00,11:30,SMTH 118,75
03/03/2023,12:20,12:30,SMTH 118,75
03/03/2023,13:20,13:30,SMTH 118,75
03/03/2023,14:20,22:00,SMTH 118,75
03/03/2023,6:00,08:30,SMTH 201,35
03/03/2023,09:20,09:30,SMTH 201,35
03/03/2023,10:20,14:30,SMTH 201,35
03/03/2023,15:20,22:00,SMTH 201,35
03/03/2023,6:00,10:00,SMTH 208,49
03/03/2023,12:00,22:00,SMTH 208,49
03/03/2023,6:00,10:30,STEW 314,126
03/03/2023,11:20,11:30,STEW 314,126
03/03/2023,12:20,11:30,STEW 314,126
03/03/2023,12:20,12:30,STEW 314,126
03/03/2023,13:20,18:15,STEW 314,126
03/03/2023,19:45,22:00,STEW 314,126
03/03/2023,6:00,10:30,STEW 320,108
03/03/2023,11:20,17:00,STEW 320,108
03/03/2023,19:30,22:00,STEW 320,108
03/03/2023,6:00,09:00,STON 215,45
03/03/2023,10:00,11:30,STON 215,45
03/03/2023,13:30,22:00,STON 215,45
03/03/2023,6:00,08:30,STON 217,40
03/03/2023,09:20,09:30,STON 217,40
03/03/2023,10:20,10:30,STON 217,40
03/03/2023,11:20,11:30,STON 217,40
03/03/2023,12:20,12:30,STON 217,40
03/03/2023,13:20,13:30,STON 217,40
03/03/2023,14:20,14:30,STON 217,40
03/03/2023,15:20,15:30,STON 217,40
03/03/2023,16:20,22:00,STON 217,40
03/03/2023,6:00,07:30,UC 114,273
03/03/2023,08:20,08:30,UC 114,273
03/03/2023,09:20,09:30,UC 114,273
03/03/2023,10:20,10:30,UC 114,273
03/03/2023,11:20,11:30,UC 114,273
03/03/2023,12:20,12:30,UC 114,273
03/03/2023,13:20,13:30,UC 114,273
03/03/2023,14:20,15:30,UC 114,273
03/03/2023,16:20,16:30,UC 114,273
03/03/2023,17:20,22:00,UC 114,273
03/03/2023,6:00,08:30,UNIV 001,40
03/03/2023,09:20,09:30,UNIV 001,40
03/03/2023,10:20,10:30,UNIV 001,40
03/03/2023,11:20,11:30,UNIV 001,40
03/03/2023,12:20,12:30,UNIV 001,40
03/03/2023,13:20,13:30,UNIV 001,40
03/03/2023,14:20,14:30,UNIV 001,40
03/03/2023,15:20,22:00,UNIV 001,40
03/03/2023,6:00,07:30,UNIV 003,40
03/03/2023,08:20,08:30,UNIV 003,40
03/03/2023,09:20,09:30,UNIV 003,40
03/03/2023,10:20,10:30,UNIV 003,40
03/03/2023,11:20,11:30,UNIV 003,40
03/03/2023,12:20,22:00,UNIV 003,40
03/03/2023,6:00,11:30,UNIV 017,40
03/03/2023,12:20,12:30,UNIV 017,40
03/03/2023,13:20,14:30,UNIV 017,40
03/03/2023,15:20,22:00,UNIV 017,40
03/03/2023,6:00,09:30,UNIV 019,40
03/03/2023,10:20,11:30,UNIV 019,40
03/03/2023,12:20,12:30,UNIV 019,40
03/03/2023,13:20,22:00,UNIV 019,40
03/03/2023,6:00,10:30,UNIV 101,48
03/03/2023,11:20,11:30,UNIV 101,48
03/03/2023,12:30,13:30,UNIV 101,48
03/03/2023,14:20,14:30,UNIV 101,48
03/03/2023,15:20,15:30,UNIV 101,48
03/03/2023,16:20,22:00,UNIV 101,48
03/03/2023,6:00,14:30,UNIV 103,48
03/03/2023,16:00,22:00,UNIV 103,48
03/03/2023,6:00,08:30,UNIV 117,48
03/03/2023,09:20,09:30,UNIV 117,48
03/03/2023,10:20,10:30,UNIV 117,48
03/03/2023,11:20,11:30,UNIV 117,48
03/03/2023,12:20,12:30,UNIV 117,48
03/03/2023,13:20,13:30,UNIV 117,48
03/03/2023,14:20,14:30,UNIV 117,48
03/03/2023,15:20,15:30,UNIV 117,48
03/03/2023,16:20,16:30,UNIV 117,48
03/03/2023,17:20,22:00,UNIV 117,48
03/03/2023,6:00,08:30,UNIV 119,48
03/03/2023,09:20,09:30,UNIV 119,48
03/03/2023,10:20,10:30,UNIV 119,48
03/03/2023,11:20,11:30,UNIV 119,48
03/03/2023,12:20,12:30,UNIV 119,48
03/03/2023,13:20,13:30,UNIV 119,48
03/03/2023,14:20,14:30,UNIV 119,48
03/03/2023,15:20,15:30,UNIV 119,48
03/03/2023,16:20,22:00,UNIV 119,48
03/03/2023,6:00,14:30,UNIV 201,48
03/03/2023,15:20,22:00,UNIV 201,48
03/03/2023,6:00,08:30,UNIV 203,48
03/03/2023,09:20,09:30,UNIV 203,48
03/03/2023,10:20,10:30,UNIV 203,48
03/03/2023,11:20,11:30,UNIV 203,48
03/03/2023,12:20,12:30,UNIV 203,48
03/03/2023,13:20,13:30,UNIV 203,48
03/03/2023,14:20,14:30,UNIV 203,48
03/03/2023,15:20,22:00,UNIV 203,48
03/03/2023,6:00,10:30,UNIV 217,48
03/03/2023,11:20,11:30,UNIV 217,48
03/03/2023,12:20,12:30,UNIV 217,48
03/03/2023,13:20,15:30,UNIV 217,48
03/03/2023,16:20,22:00,UNIV 217,48
03/03/2023,6:00,08:30,UNIV 219,48
03/03/2023,09:20,09:30,UNIV 219,48
03/03/2023,10:20,10:30,UNIV 219,48
03/03/2023,11:20,11:30,UNIV 219,48
03/03/2023,12:20,12:30,UNIV 219,48
03/03/2023,13:20,13:30,UNIV 219,48
03/03/2023,14:20,14:30,UNIV 219,48
03/03/2023,15:20,22:00,UNIV 219,48
03/03/2023,6:00,09:30,UNIV 301,35
03/03/2023,10:20,10:30,UNIV 301,35
03/03/2023,11:20,14:30,UNIV 301,35
03/03/2023,15:20,15:30,UNIV 301,35
03/03/2023,16:20,22:00,UNIV 301,35
03/03/2023,6:00,08:30,UNIV 303,48
03/03/2023,09:20,09:30,UNIV 303,48
03/03/2023,10:20,11:30,UNIV 303,48
03/03/2023,12:20,12:30,UNIV 303,48
03/03/2023,13:20,13:30,UNIV 303,48
03/03/2023,14:20,14:30,UNIV 303,48
03/03/2023,15:20,15:30,UNIV 303,48
03/03/2023,16:20,22:00,UNIV 303,48
03/03/2023,6:00,10:30,UNIV 317,48
03/03/2023,11:20,11:30,UNIV 317,48
03/03/2023,12:20,12:30,UNIV 317,48
03/03/2023,13:20,22:00,UNIV 317,48
03/03/2023,6:00,12:30,UNIV 319,19
03/03/2023,13:20,13:30,UNIV 319,19
03/03/2023,14:20,22:00,UNIV 319,19
03/03/2023,6:00,10:30,VPTH 112,48
03/03/2023,12:20,14:30,VPTH 112,48
03/03/2023,16:20,22:00,VPTH 112,48
03/03/2023,6:00,07:30,WALC 1018,180
03/03/2023,08:20,08:30,WALC 1018,180
03/03/2023,09:20,09:30,WALC 1018,180
03/03/2023,10:20,11:30,WALC 1018,180
03/03/2023,12:20,13:30,WALC 1018,180
03/03/2023,14:20,14:30,WALC 1018,180
03/03/2023,15:20,16:30,WALC 1018,180
03/03/2023,17:20,16:30,WALC 1018,180
03/03/2023,17:20,16:30,WALC 1018,180
03/03/2023,17:20,18:00,WALC 1018,180
03/03/2023,22:00,22:00,WALC 1018,180
03/03/2023,6:00,08:30,WALC 1055 (Hiler Thtr),329
03/03/2023,09:20,09:30,WALC 1055 (Hiler Thtr),329
03/03/2023,10:20,10:30,WALC 1055 (Hiler Thtr),329
03/03/2023,11:20,11:30,WALC 1055 (Hiler Thtr),329
03/03/2023,12:20,12:30,WALC 1055 (Hiler Thtr),329
03/03/2023,13:20,13:30,WALC 1055 (Hiler Thtr),329
03/03/2023,14:20,14:30,WALC 1055 (Hiler Thtr),329
03/03/2023,15:20,15:30,WALC 1055 (Hiler Thtr),329
03/03/2023,16:20,18:00,WALC 1055 (Hiler Thtr),329
03/03/2023,20:00,22:00,WALC 1055 (Hiler Thtr),329
03/03/2023,6:00,09:30,WALC 1087,108
03/03/2023,10:20,16:15,WALC 1087,108
03/03/2023,17:45,18:00,WALC 1087,108
03/03/2023,22:15,22:00,WALC 1087,108
03/03/2023,6:00,08:00,WALC 1121,72
03/03/2023,09:00,12:30,WALC 1121,72
03/03/2023,13:20,13:30,WALC 1121,72
03/03/2023,14:20,16:30,WALC 1121,72
03/03/2023,17:30,18:00,WALC 1121,72
03/03/2023,22:30,22:00,WALC 1121,72
03/03/2023,6:00,08:30,WALC 1132,108
03/03/2023,09:20,09:30,WALC 1132,108
03/03/2023,10:20,10:30,WALC 1132,108
03/03/2023,11:20,11:30,WALC 1132,108
03/03/2023,13:20,13:30,WALC 1132,108
03/03/2023,15:20,18:30,WALC 1132,108
03/03/2023,22:30,22:00,WALC 1132,108
03/03/2023,6:00,12:30,WALC 2007,90
03/03/2023,13:20,13:30,WALC 2007,90
03/03/2023,14:20,15:30,WALC 2007,90
03/03/2023,16:20,18:00,WALC 2007,90
03/03/2023,20:00,22:00,WALC 2007,90
03/03/2023,6:00,07:30,WALC 2051,72
03/03/2023,08:20,09:00,WALC 2051,72
03/03/2023,11:20,11:30,WALC 2051,72
03/03/2023,12:45,13:30,WALC 2051,72
03/03/2023,14:20,14:30,WALC 2051,72
03/03/2023,15:20,15:30,WALC 2051,72
03/03/2023,16:20,18:00,WALC 2051,72
03/03/2023,19:00,19:15,WALC 2051,72
03/03/2023,21:15,22:00,WALC 2051,72
03/03/2023,6:00,09:30,WALC 2087,126
03/03/2023,10:20,10:30,WALC 2087,126
03/03/2023,11:20,11:30,WALC 2087,126
03/03/2023,12:20,12:30,WALC 2087,126
03/03/2023,13:20,13:30,WALC 2087,126
03/03/2023,14:20,14:30,WALC 2087,126
03/03/2023,15:20,15:30,WALC 2087,126
03/03/2023,16:20,21:30,WALC 2087,126
03/03/2023,22:30,22:00,WALC 2087,126
03/03/2023,6:00,09:30,WALC 2088,72
03/03/2023,10:20,10:30,WALC 2088,72
03/03/2023,11:20,11:30,WALC 2088,72
03/03/2023,12:20,14:30,WALC 2088,72
03/03/2023,15:20,16:00,WALC 2088,72
03/03/2023,17:00,17:30,WALC 2088,72
03/03/2023,18:20,22:00,WALC 2088,72
03/03/2023,6:00,07:30,WALC 2121,40
03/03/2023,09:20,09:30,WALC 2121,40
03/03/2023,10:20,10:30,WALC 2121,40
03/03/2023,11:20,11:30,WALC 2121,40
03/03/2023,12:20,12:30,WALC 2121,40
03/03/2023,13:20,13:30,WALC 2121,40
03/03/2023,14:20,16:30,WALC 2121,40
03/03/2023,17:20,18:30,WALC 2121,40
03/03/2023,21:00,22:00,WALC 2121,40
03/03/2023,6:00,09:30,WALC 2124,54
03/03/2023,10:20,10:30,WALC 2124,54
03/03/2023,11:20,12:00,WALC 2124,54
03/03/2023,13:30,17:30,WALC 2124,54
03/03/2023,19:00,19:30,WALC 2124,54
03/03/2023,22:30,22:00,WALC 2124,54
03/03/2023,6:00,08:30,WALC 2127,45
03/03/2023,09:20,09:30,WALC 2127,45
03/03/2023,10:20,14:15,WALC 2127,45
03/03/2023,15:45,16:30,WALC 2127,45
03/03/2023,17:20,18:30,WALC 2127,45
03/03/2023,21:00,22:00,WALC 2127,45
03/03/2023,6:00,07:30,WALC 3084,40
03/03/2023,08:30,09:30,WALC 3084,40
03/03/2023,10:20,11:30,WALC 3084,40
03/03/2023,12:20,12:30,WALC 3084,40
03/03/2023,13:20,19:00,WALC 3084,40
03/03/2023,20:00,22:00,WALC 3084,40
03/03/2023,6:00,08:30,WALC 3087,126
03/03/2023,09:20,09:30,WALC 3087,126
03/03/2023,10:20,10:30,WALC 3087,126
03/03/2023,11:20,15:30,WALC 3087,126
03/03/2023,16:20,16:30,WALC 3087,126
03/03/2023,17:20,22:00,WALC 3087,126
03/03/2023,6:00,10:30,WALC 3090,60
03/03/2023,11:20,11:30,WALC 3090,60
03/03/2023,12:20,14:00,WALC 3090,60
03/03/2023,15:00,15:30,WALC 3090,60
03/03/2023,16:20,16:30,WALC 3090,60
03/03/2023,17:20,22:00,WALC 3090,60
03/03/2023,6:00,09:30,WALC 3121,40
03/03/2023,10:20,10:30,WALC 3121,40
03/03/2023,11:20,11:30,WALC 3121,40
03/03/2023,14:00,15:30,WALC 3121,40
03/03/2023,17:20,18:00,WALC 3121,40
03/03/2023,22:30,22:00,WALC 3121,40
03/03/2023,6:00,10:30,WALC 3122,54
03/03/2023,11:20,11:30,WALC 3122,54
03/03/2023,13:20,14:00,WALC 3122,54
03/03/2023,18:00,18:00,WALC 3122,54
03/03/2023,20:00,22:00,WALC 3122,54
03/03/2023,6:00,10:30,WALC 3127,45
03/03/2023,11:20,11:30,WALC 3127,45
03/03/2023,12:20,12:30,WALC 3127,45
03/03/2023,13:20,13:30,WALC 3127,45
03/03/2023,14:20,14:30,WALC 3127,45
03/03/2023,15:30,18:30,WALC 3127,45
03/03/2023,21:00,22:00,WALC 3127,45
03/03/2023,6:00,08:30,WALC 3132,40
03/03/2023,09:20,09:30,WALC 3132,40
03/03/2023,10:20,11:30,WALC 3132,40
03/03/2023,13:20,13:30,WALC 3132,40
03/03/2023,14:30,16:30,WALC 3132,40
03/03/2023,17:30,18:00,WALC 3132,40
03/03/2023,22:30,22:00,WALC 3132,40
03/03/2023,6:00,08:30,WALC 3138,50
03/03/2023,09:20,09:30,WALC 3138,50
03/03/2023,10:20,13:00,WALC 3138,50
03/03/2023,15:00,16:30,WALC 3138,50
03/03/2023,20:00,22:00,WALC 3138,50
03/03/2023,6:00,09:30,WALC 3148,40
03/03/2023,10:20,10:30,WALC 3148,40
03/03/2023,11:20,11:30,WALC 3148,40
03/03/2023,12:20,13:30,WALC 3148,40
03/03/2023,14:20,14:30,WALC 3148,40
03/03/2023,15:20,15:30,WALC 3148,40
03/03/2023,17:20,17:30,WALC 3148,40
03/03/2023,19:30,22:00,WALC 3148,40
03/03/2023,6:00,10:30,WALC 3154,50
03/03/2023,11:20,11:30,WALC 3154,50
03/03/2023,12:20,12:30,WALC 3154,50
03/03/2023,13:20,13:30,WALC 3154,50
03/03/2023,14:20,22:00,WALC 3154,50
03/03/2023,6:00,11:30,WALC B058,149
03/03/2023,12:20,12:30,WALC B058,149
03/03/2023,13:20,22:00,WALC B058,149
03/03/2023,6:00,11:30,WALC B066,132
03/03/2023,12:20,12:30,WALC B066,132
03/03/2023,13:20,13:30,WALC B066,132
03/03/2023,14:20,14:30,WALC B066,132
03/03/2023,15:20,22:00,WALC B066,132
03/03/2023,6:00,08:30,WALC B074,102
03/03/2023,09:20,09:30,WALC B074,102
03/03/2023,10:20,10:30,WALC B074,102
03/03/2023,11:20,13:30,WALC B074,102
03/03/2023,14:20,15:30,WALC B074,102
03/03/2023,16:20,18:30,WALC B074,102
03/03/2023,20:30,22:00,WALC B074,102
03/03/2023,6:00,12:30,WALC B091,72
03/03/2023,13:20,13:30,WALC B091,72
03/03/2023,15:20,15:30,WALC B091,72
03/03/2023,16:20,16:30,WALC B091,72
03/03/2023,17:20,17:30,WALC B091,72
03/03/2023,22:00,22:00,WALC B091,72
03/03/2023,6:00,11:30,WALC B093,72
03/03/2023,12:20,13:00,WALC B093,72
03/03/2023,15:00,15:30,WALC B093,72
03/03/2023,16:20,16:30,WALC B093,72
03/03/2023,22:00,22:00,WALC B093,72
03/03/2023,6:00,08:30,WTHR 104,138
03/03/2023,09:20,10:30,WTHR 104,138
03/03/2023,11:20,11:30,WTHR 104,138
03/03/2023,12:20,12:30,WTHR 104,138
03/03/2023,13:20,13:30,WTHR 104,138
03/03/2023,14:20,15:00,WTHR 104,138
03/03/2023,17:30,22:00,WTHR 104,138
03/03/2023,6:00,08:30,WTHR 160,61
03/03/2023,09:20,11:30,WTHR 160,61
03/03/2023,12:20,13:30,WTHR 160,61
03/03/2023,16:20,22:00,WTHR 160,61
03/03/2023,6:00,08:30,WTHR 172,151
03/03/2023,09:20,09:30,WTHR 172,151
03/03/2023,10:20,10:30,WTHR 172,151
03/03/2023,11:20,11:30,WTHR 172,151
03/03/2023,12:20,12:30,WTHR 172,151
03/03/2023,13:20,13:30,WTHR 172,151
03/03/2023,14:20,14:30,WTHR 172,151
03/03/2023,15:20,16:30,WTHR 172,151
03/03/2023,17:20,22:00,WTHR 172,151
03/03/2023,6:00,08:30,WTHR 200,480
03/03/2023,09:20,09:30,WTHR 200,480
03/03/2023,10:20,10:30,WTHR 200,480
03/03/2023,11:20,11:30,WTHR 200,480
03/03/2023,12:20,12:30,WTHR 200,480
03/03/2023,13:20,13:30,WTHR 200,480
03/03/2023,14:20,14:30,WTHR 200,480
03/03/2023,15:20,15:30,WTHR 200,480
03/03/2023,16:20,16:30,WTHR 200,480
03/03/2023,17:20,17:30,WTHR 200,480
03/03/2023,19:30,22:00,WTHR 200,480
03/03/2023,6:00,09:30,WTHR 320,91
03/03/2023,10:20,11:30,WTHR 320,91
03/03/2023,12:20,12:30,WTHR 320,91
03/03/2023,13:20,13:30,WTHR 320,91
03/03/2023,14:20,22:00,WTHR 320,91
03/03/2023,6:00,07:30,WTHR 360,35
03/03/2023,08:20,08:30,WTHR 360,35
03/03/2023,09:20,09:30,WTHR 360,35
03/03/2023,10:20,10:30,WTHR 360,35
03/03/2023,11:20,11:30,WTHR 360,35
03/03/2023,12:20,12:30,WTHR 360,35
03/03/2023,13:20,13:30,WTHR 360,35
03/03/2023,14:20,14:30,WTHR 360,35
03/03/2023,15:20,15:30,WTHR 360,35
03/03/2023,16:20,16:30,WTHR 360,35
03/03/2023,17:20,22:00,WTHR 360,35
03/03/2023,6:00,08:30,WTHR 362,34
03/03/2023,09:20,09:30,WTHR 362,34
03/03/2023,10:20,10:30,WTHR 362,34
03/03/2023,11:20,13:30,WTHR 362,34
03/03/2023,14:20,14:30,WTHR 362,34
03/03/2023,15:20,22:00,WTHR 362,34
03/03/2023,6:00,08:30,WTHR 420,49
03/03/2023,09:20,09:30,WTHR 420,49
03/03/2023,10:20,10:30,WTHR 420,49
03/03/2023,11:20,11:30,WTHR 420,49
03/03/2023,12:20,12:30,WTHR 420,49
03/03/2023,13:20,13:30,WTHR 420,49
03/03/2023,14:20,14:30,WTHR 420,49
03/03/2023,15:20,17:30,WTHR 420,49
03/03/2023,20:00,22:00,WTHR 420,49
